Div,Date,Time,HomeTeam,AwayTeam,FTHG,FTAG,FTR,HTHG,HTAG,HTR,Referee,HS,AS,HST,AST,HF,AF,HC,AC,HY,AY,HR,AR,Fixture ID,Home_Points,Home_Goals_Scored,Home_Goals_Conceded,Home_Wins,Home_Draws,Home_Losses,Home_Form_Score,Away_Points,Away_Goals_Scored,Away_Goals_Conceded,Away_Wins,Away_Draws,Away_Losses,Away_Form_Score
E0,2024-08-16,20:00,Man United,Fulham,1,0,H,0,0,D,R Jones,14,10,5,2,12,10,7,8,2,3,0,0,6132901,0.0,0.0,0.0,0.0,0.0,0.0,0.0,0.0,0.0,0.0,0.0,0.0,0.0,0.0
E0,2024-08-17,12:30,Ipswich,Liverpool,0,2,A,0,0,D,T Robinson,7,18,2,5,9,18,2,10,3,1,0,0,9994332,0.0,0.0,0.0,0.0,0.0,0.0,0.0,0.0,0.0,0.0,0.0,0.0,0.0,0.0
E0,2024-08-17,15:00,Arsenal,Wolves,2,0,H,1,0,H,J Gillett,18,9,6,3,17,14,8,2,2,2,0,0,2718670,0.0,0.0,0.0,0.0,0.0,0.0,0.0,0.0,0.0,0.0,0.0,0.0,0.0,0.0
E0,2024-08-17,15:00,Everton,Brighton,0,3,A,0,1,A,S Hooper,9,10,1,5,8,8,1,5,1,1,1,0,4133250,0.0,0.0,0.0,0.0,0.0,0.0,0.0,0.0,0.0,0.0,0.0,0.0,0.0,0.0
E0,2024-08-17,15:00,Newcastle,Southampton,1,0,H,1,0,H,C Pawson,3,19,1,4,15,16,3,12,2,4,1,0,4305983,0.0,0.0,0.0,0.0,0.0,0.0,0.0,0.0,0.0,0.0,0.0,0.0,0.0,0.0
E0,2024-08-17,15:00,Nott'm Forest,Bournemouth,1,1,D,1,0,H,M Oliver,14,13,8,4,17,8,2,6,1,3,0,0,3357337,0.0,0.0,0.0,0.0,0.0,0.0,0.0,0.0,0.0,0.0,0.0,0.0,0.0,0.0
E0,2024-08-17,17:30,West Ham,Aston Villa,1,2,A,1,1,D,T Harrington,14,15,3,3,18,11,5,3,1,2,0,0,1054488,0.0,0.0,0.0,0.0,0.0,0.0,0.0,0.0,0.0,0.0,0.0,0.0,0.0,0.0
E0,2024-08-18,14:00,Brentford,Crystal Palace,2,1,H,1,0,H,S Barrott,9,14,5,6,6,15,4,7,1,5,0,0,8837331,0.0,0.0,0.0,0.0,0.0,0.0,0.0,0.0,0.0,0.0,0.0,0.0,0.0,0.0
E0,2024-08-18,16:30,Chelsea,Man City,0,2,A,0,1,A,A Taylor,10,11,3,5,12,9,4,3,1,1,0,0,2416134,0.0,0.0,0.0,0.0,0.0,0.0,0.0,0.0,0.0,0.0,0.0,0.0,0.0,0.0
E0,2024-08-19,20:00,Leicester,Tottenham,1,1,D,0,1,A,C Kavanagh,7,15,3,7,11,12,2,13,1,1,0,0,6220515,0.0,0.0,0.0,0.0,0.0,0.0,0.0,0.0,0.0,0.0,0.0,0.0,0.0,0.0
E0,2024-08-24,15:00,Tottenham,Everton,4,0,H,2,0,H,A Taylor,13,10,7,1,11,15,12,5,0,0,0,0,5863044,5.0,5.0,5.0,0.0,5.0,0.0,5.0,0.0,0.0,15.0,0.0,0.0,5.0,-7.5
E0,2024-08-24,15:00,Southampton,Nott'm Forest,0,1,A,0,0,D,S Barrott,5,23,1,8,14,14,4,10,3,3,0,0,9930195,0.0,0.0,5.0,0.0,0.0,5.0,-2.5,5.0,5.0,5.0,0.0,5.0,0.0,5.0
E0,2024-08-24,15:00,Man City,Ipswich,4,1,H,3,1,H,M Salisbury,14,1,5,1,4,15,10,1,2,3,0,0,6584042,15.0,10.0,0.0,5.0,0.0,0.0,20.0,0.0,0.0,10.0,0.0,0.0,5.0,-5.0
E0,2024-08-24,17:30,Aston Villa,Arsenal,0,2,A,0,0,D,M Oliver,11,9,3,4,8,15,4,1,1,3,0,0,5657200,15.0,10.0,5.0,5.0,0.0,0.0,17.5,15.0,10.0,0.0,5.0,0.0,0.0,20.0
E0,2024-08-24,15:00,Crystal Palace,West Ham,0,2,A,0,0,D,R Jones,14,18,2,3,9,17,3,3,1,1,0,0,4815448,0.0,5.0,10.0,0.0,0.0,5.0,-2.5,0.0,5.0,10.0,0.0,0.0,5.0,-2.5
E0,2024-08-24,12:30,Brighton,Man United,2,1,H,1,0,H,C Pawson,14,11,5,4,9,13,4,4,1,2,0,0,3296032,15.0,15.0,0.0,5.0,0.0,0.0,22.5,15.0,5.0,0.0,5.0,0.0,0.0,17.5
E0,2024-08-24,15:00,Fulham,Leicester,2,1,H,1,1,D,D Bond,18,10,6,4,14,13,7,5,2,2,0,0,4185224,0.0,0.0,5.0,0.0,0.0,5.0,-2.5,5.0,5.0,5.0,0.0,5.0,0.0,5.0
E0,2024-08-25,14:00,Bournemouth,Newcastle,1,1,D,1,0,H,D Coote,16,14,4,5,19,8,8,9,2,2,0,0,3099470,5.0,5.0,5.0,0.0,5.0,0.0,5.0,15.0,5.0,0.0,5.0,0.0,0.0,17.5
E0,2024-08-25,14:00,Wolves,Chelsea,2,6,A,2,2,D,D England,12,14,4,8,13,13,5,5,2,3,0,0,3131790,0.0,0.0,10.0,0.0,0.0,5.0,-5.0,0.0,0.0,10.0,0.0,0.0,5.0,-5.0
E0,2024-08-25,16:30,Liverpool,Brentford,2,0,H,1,0,H,S Attwell,19,8,8,2,10,7,9,4,2,3,0,0,5934676,15.0,10.0,0.0,5.0,0.0,0.0,20.0,15.0,10.0,5.0,5.0,0.0,0.0,17.5
E0,2024-08-31,17:30,West Ham,Man City,1,3,A,1,2,A,M Oliver,10,23,2,8,10,3,3,11,3,2,0,0,4194288,7.5,7.5,5.0,2.5,0.0,2.5,8.75,15.0,15.0,2.5,5.0,0.0,0.0,21.25
E0,2024-08-31,15:00,Nott'm Forest,Wolves,1,1,D,1,1,D,S Hooper,16,11,5,3,15,18,7,3,3,4,0,0,7477059,10.0,5.0,2.5,2.5,2.5,0.0,11.25,0.0,5.0,20.0,0.0,0.0,5.0,-7.5
E0,2024-08-31,15:00,Leicester,Aston Villa,1,2,A,0,1,A,D Coote,9,10,3,5,13,21,1,4,4,5,0,0,4747530,2.5,5.0,7.5,0.0,2.5,2.5,1.25,7.5,5.0,7.5,2.5,0.0,2.5,6.25
E0,2024-08-31,15:00,Ipswich,Fulham,1,1,D,1,1,D,L Smith,11,9,4,4,15,15,8,6,2,3,0,0,3302442,0.0,2.5,15.0,0.0,0.0,5.0,-6.25,7.5,5.0,5.0,2.5,0.0,2.5,7.5
E0,2024-08-31,15:00,Brentford,Southampton,3,1,H,1,0,H,J Smith,20,18,7,6,10,7,2,8,2,1,0,0,7154801,7.5,5.0,7.5,2.5,0.0,2.5,6.25,0.0,0.0,5.0,0.0,0.0,5.0,-2.5
E0,2024-08-31,12:30,Arsenal,Brighton,1,1,D,1,0,H,C Kavanagh,11,22,7,4,12,7,3,7,3,2,1,0,9245682,15.0,10.0,0.0,5.0,0.0,0.0,20.0,15.0,12.5,2.5,5.0,0.0,0.0,20.0
E0,2024-08-31,15:00,Everton,Bournemouth,2,3,A,0,0,D,S Attwell,18,17,8,7,6,1,8,4,2,1,0,0,6361182,0.0,0.0,17.5,0.0,0.0,5.0,-8.75,5.0,5.0,5.0,0.0,5.0,0.0,5.0
E0,2024-09-01,13:30,Chelsea,Crystal Palace,1,1,D,1,0,H,J Gillett,13,9,7,3,9,13,4,5,4,2,0,0,4509828,7.5,15.0,10.0,2.5,0.0,2.5,10.0,0.0,2.5,10.0,0.0,0.0,5.0,-3.75
E0,2024-09-01,13:30,Newcastle,Tottenham,2,1,H,1,0,H,R Jones,9,20,3,6,16,13,7,12,4,4,0,0,7764571,10.0,5.0,2.5,2.5,2.5,0.0,11.25,10.0,12.5,2.5,2.5,2.5,0.0,15.0
E0,2024-09-01,16:00,Man United,Liverpool,0,3,A,0,2,A,A Taylor,8,11,3,3,7,7,5,2,4,1,0,0,6420669,7.5,5.0,5.0,2.5,0.0,2.5,7.5,15.0,10.0,0.0,5.0,0.0,0.0,20.0
E0,2024-09-14,15:00,Man City,Brentford,2,1,H,2,1,H,D Bond,18,8,7,5,9,3,12,3,3,1,0,0,9733099,15.0,15.0,3.3333333333333335,5.0,0.0,0.0,20.833333333333336,10.0,8.333333333333334,6.666666666666667,3.3333333333333335,0.0,1.6666666666666667,10.833333333333334
E0,2024-09-14,20:00,Bournemouth,Chelsea,0,1,A,0,0,D,A Taylor,19,10,7,3,16,9,6,3,6,8,0,0,9163138,8.333333333333334,8.333333333333334,6.666666666666667,1.6666666666666667,3.3333333333333335,0.0,9.166666666666668,6.666666666666667,11.666666666666668,8.333333333333334,1.6666666666666667,1.6666666666666667,1.6666666666666667,8.333333333333334
E0,2024-09-14,15:00,Liverpool,Nott'm Forest,0,1,A,0,0,D,M Oliver,14,5,5,3,15,6,7,2,4,4,0,0,8191796,15.0,11.666666666666668,0.0,5.0,0.0,0.0,20.833333333333336,8.333333333333334,5.0,3.3333333333333335,1.6666666666666667,3.3333333333333335,0.0,9.166666666666668
E0,2024-09-14,17:30,Aston Villa,Everton,3,2,H,1,2,A,C Pawson,17,6,8,2,10,12,6,2,1,4,0,0,7568626,10.0,6.666666666666667,6.666666666666667,3.3333333333333335,0.0,1.6666666666666667,10.0,0.0,3.3333333333333335,16.666666666666668,0.0,0.0,5.0,-6.666666666666667
E0,2024-09-14,15:00,Crystal Palace,Leicester,2,2,D,0,1,A,T Harrington,20,9,4,4,11,15,5,2,0,3,0,0,9789859,1.6666666666666667,3.3333333333333335,8.333333333333334,0.0,1.6666666666666667,3.3333333333333335,-0.8333333333333334,1.6666666666666667,5.0,8.333333333333334,0.0,1.6666666666666667,3.3333333333333335,0.0
E0,2024-09-14,12:30,Southampton,Man United,0,3,A,0,2,A,S Attwell,6,20,4,10,11,14,0,7,1,4,1,0,8829118,0.0,1.6666666666666667,8.333333333333334,0.0,0.0,5.0,-3.3333333333333335,5.0,3.3333333333333335,8.333333333333334,1.6666666666666667,0.0,3.3333333333333335,2.5
E0,2024-09-14,15:00,Fulham,West Ham,1,1,D,1,0,H,T Robinson,21,11,5,3,15,18,3,2,2,3,0,0,7196516,6.666666666666667,5.0,5.0,1.6666666666666667,1.6666666666666667,1.6666666666666667,6.666666666666667,5.0,6.666666666666667,8.333333333333334,1.6666666666666667,0.0,3.3333333333333335,4.166666666666667
E0,2024-09-14,15:00,Brighton,Ipswich,0,0,D,0,0,D,S Barrott,21,6,6,1,14,16,9,2,4,3,0,0,2042974,11.666666666666668,10.0,3.3333333333333335,3.3333333333333335,1.6666666666666667,0.0,15.0,1.6666666666666667,3.3333333333333335,11.666666666666668,0.0,1.6666666666666667,3.3333333333333335,-2.5
E0,2024-09-15,14:00,Tottenham,Arsenal,0,1,A,0,0,D,J Gillett,15,7,5,4,13,10,7,6,5,3,0,0,8557765,6.666666666666667,10.0,5.0,1.6666666666666667,1.6666666666666667,1.6666666666666667,9.166666666666668,11.666666666666668,8.333333333333334,1.6666666666666667,3.3333333333333335,1.6666666666666667,0.0,15.0
E0,2024-09-15,16:30,Wolves,Newcastle,1,2,A,1,0,H,C Kavanagh,12,14,5,6,17,6,4,7,3,3,0,0,9674200,1.6666666666666667,5.0,15.0,0.0,1.6666666666666667,3.3333333333333335,-3.3333333333333335,11.666666666666668,6.666666666666667,3.3333333333333335,3.3333333333333335,1.6666666666666667,0.0,13.333333333333334
E0,2024-09-21,12:30,West Ham,Chelsea,0,3,A,0,2,A,S Barrott,15,12,7,5,17,9,6,5,5,2,0,0,4321887,5.0,6.25,7.5,1.25,1.25,2.5,4.375,8.75,10.0,6.25,2.5,1.25,1.25,10.625
E0,2024-09-21,15:00,Aston Villa,Wolves,3,1,H,0,1,A,T Robinson,9,10,4,4,11,16,6,5,3,6,0,0,6745370,11.25,8.75,7.5,3.75,0.0,1.25,11.875,1.25,5.0,13.75,0.0,1.25,3.75,-3.125
E0,2024-09-21,15:00,Fulham,Newcastle,3,1,H,2,0,H,P Bankes,22,15,11,4,16,8,6,0,6,0,0,0,5068163,6.25,5.0,5.0,1.25,2.5,1.25,6.25,12.5,7.5,3.75,3.75,1.25,0.0,14.375
E0,2024-09-21,15:00,Liverpool,Bournemouth,3,0,H,3,0,H,T Harrington,19,19,13,6,10,12,3,9,1,4,0,0,9968747,11.25,8.75,1.25,3.75,0.0,1.25,15.0,6.25,6.25,6.25,1.25,2.5,1.25,6.25
E0,2024-09-21,15:00,Southampton,Ipswich,1,1,D,1,0,H,S Allison,11,13,3,6,16,16,2,10,4,4,0,0,3301809,0.0,1.25,10.0,0.0,0.0,5.0,-4.375,2.5,2.5,8.75,0.0,2.5,2.5,-0.625
E0,2024-09-21,15:00,Tottenham,Brentford,3,1,H,2,1,H,J Brooks,23,6,10,6,11,9,9,4,3,1,0,0,1114618,5.0,7.5,5.0,1.25,1.25,2.5,6.25,7.5,7.5,7.5,2.5,0.0,2.5,7.5
E0,2024-09-21,17:30,Crystal Palace,Man United,0,0,D,0,0,D,D Coote,9,15,4,6,7,12,4,11,3,1,0,0,3346161,2.5,5.0,8.75,0.0,2.5,2.5,0.625,7.5,6.25,6.25,2.5,0.0,2.5,7.5
E0,2024-09-21,15:00,Leicester,Everton,1,1,D,0,1,A,D England,12,16,2,5,11,12,6,1,1,2,0,0,2808970,2.5,6.25,8.75,0.0,2.5,2.5,1.25,0.0,5.0,16.25,0.0,0.0,5.0,-5.625
E0,2024-09-22,14:00,Brighton,Nott'm Forest,2,2,D,2,1,H,R Jones,14,4,3,3,12,11,9,1,3,4,0,1,1814429,10.0,7.5,2.5,2.5,2.5,0.0,12.5,10.0,5.0,2.5,2.5,2.5,0.0,11.25
E0,2024-09-22,16:30,Man City,Arsenal,2,2,D,1,2,A,M Oliver,33,5,11,3,7,10,8,2,3,4,0,1,6842969,15.0,13.75,3.75,5.0,0.0,0.0,20.0,12.5,7.5,1.25,3.75,1.25,0.0,15.625
E0,2024-09-28,15:00,Everton,Crystal Palace,2,1,H,0,1,A,A Madley,8,17,2,5,13,11,5,8,2,1,0,0,7080148,1.0,5.0,14.0,0.0,1.0,4.0,-3.5,3.0,4.0,7.0,0.0,3.0,2.0,1.5
E0,2024-09-28,15:00,Nott'm Forest,Fulham,0,1,A,0,0,D,J Smith,11,14,1,2,11,15,6,5,2,4,0,0,6699565,9.0,6.0,4.0,2.0,3.0,0.0,10.0,8.0,7.0,5.0,2.0,2.0,1.0,9.0
E0,2024-09-28,17:30,Wolves,Liverpool,1,2,A,0,1,A,A Taylor,8,10,3,6,16,8,2,10,2,3,0,0,4572234,1.0,5.0,14.0,0.0,1.0,4.0,-3.5,12.0,10.0,1.0,4.0,0.0,1.0,16.5
E0,2024-09-28,15:00,Chelsea,Brighton,4,2,H,4,2,H,P Bankes,15,15,7,5,11,8,8,2,3,2,0,0,2209554,10.0,11.0,5.0,3.0,1.0,1.0,13.0,9.0,8.0,4.0,2.0,3.0,0.0,11.0
E0,2024-09-28,15:00,Arsenal,Leicester,4,2,H,2,0,H,S Barrott,36,5,16,3,11,6,17,0,2,4,0,0,5125792,11.0,8.0,3.0,3.0,2.0,0.0,13.5,3.0,6.0,8.0,0.0,3.0,2.0,2.0
E0,2024-09-28,12:30,Newcastle,Man City,1,1,D,0,1,A,J Gillett,11,16,4,6,14,10,5,6,4,4,0,0,8751144,10.0,7.0,6.0,3.0,1.0,1.0,10.5,13.0,13.0,5.0,4.0,1.0,0.0,17.0
E0,2024-09-28,15:00,Brentford,West Ham,1,1,D,1,0,H,S Hooper,8,19,3,3,2,11,7,7,2,3,0,0,8535702,6.0,7.0,9.0,2.0,0.0,3.0,5.0,4.0,5.0,9.0,1.0,1.0,3.0,2.0
E0,2024-09-29,14:00,Ipswich,Aston Villa,2,2,D,1,2,A,S Attwell,15,7,5,3,10,14,10,0,4,1,0,0,3166367,3.0,3.0,8.0,0.0,3.0,2.0,0.5,12.0,10.0,7.0,4.0,0.0,1.0,13.5
E0,2024-09-29,16:30,Man United,Tottenham,0,3,A,0,1,A,C Kavanagh,11,24,2,10,16,14,5,3,5,3,1,0,4960628,7.0,5.0,5.0,2.0,1.0,2.0,7.0,7.0,9.0,5.0,2.0,1.0,2.0,9.0
E0,2024-09-30,20:00,Bournemouth,Southampton,3,1,H,3,0,H,M Oliver,14,9,6,3,19,12,7,4,2,5,0,0,8924473,5.0,5.0,8.0,1.0,2.0,2.0,3.5,1.0,2.0,9.0,0.0,1.0,4.0,-2.5
E0,2024-10-05,17:30,Everton,Newcastle,0,0,D,0,0,D,C Pawson,8,14,2,3,12,8,0,10,1,2,0,0,9510900,4.0,7.0,12.0,1.0,1.0,3.0,1.5,8.0,7.0,7.0,2.0,2.0,1.0,8.0
E0,2024-10-05,15:00,West Ham,Ipswich,4,1,H,2,1,H,A Taylor,23,9,13,2,12,6,5,5,0,1,0,0,6267492,5.0,5.0,8.0,1.0,2.0,2.0,3.5,4.0,5.0,8.0,0.0,4.0,1.0,2.5
E0,2024-10-05,15:00,Man City,Fulham,3,2,H,1,1,D,P Bankes,20,11,7,4,4,10,8,3,2,1,0,0,9575279,11.0,12.0,6.0,3.0,2.0,0.0,14.0,11.0,8.0,4.0,3.0,2.0,0.0,13.0
E0,2024-10-05,15:00,Leicester,Bournemouth,1,0,H,1,0,H,D Bond,6,17,2,2,12,14,0,9,4,1,0,0,1854648,2.0,7.0,11.0,0.0,2.0,3.0,0.0,7.0,7.0,8.0,2.0,1.0,2.0,6.5
E0,2024-10-05,15:00,Arsenal,Southampton,3,1,H,0,0,D,T Harrington,29,8,6,2,10,9,13,1,0,3,0,0,5410388,11.0,10.0,5.0,3.0,2.0,0.0,13.5,1.0,3.0,11.0,0.0,1.0,4.0,-3.0
E0,2024-10-05,12:30,Crystal Palace,Liverpool,0,1,A,0,1,A,S Hooper,9,16,5,4,7,15,3,8,4,2,0,0,4869077,3.0,4.0,7.0,0.0,3.0,2.0,1.5,12.0,10.0,2.0,4.0,0.0,1.0,16.0
E0,2024-10-05,15:00,Brentford,Wolves,5,3,H,4,2,H,A Madley,19,17,12,6,9,10,10,3,2,3,0,0,9013517,4.0,6.0,9.0,1.0,1.0,3.0,2.5,1.0,6.0,14.0,0.0,1.0,4.0,-3.0
E0,2024-10-06,14:00,Aston Villa,Man United,0,0,D,0,0,D,R Jones,11,10,1,4,12,11,6,3,1,5,0,0,3735164,10.0,10.0,8.0,3.0,1.0,1.0,11.0,4.0,4.0,8.0,1.0,1.0,3.0,2.0
E0,2024-10-06,14:00,Chelsea,Nott'm Forest,1,1,D,0,0,D,C Kavanagh,22,16,8,9,12,11,11,3,6,2,0,1,5607276,13.0,15.0,5.0,4.0,1.0,0.0,18.0,8.0,5.0,4.0,2.0,2.0,1.0,8.5
E0,2024-10-06,16:30,Brighton,Tottenham,3,2,H,0,2,A,D Coote,11,13,4,3,14,10,4,7,2,2,0,0,3470850,6.0,7.0,8.0,1.0,3.0,1.0,5.5,9.0,11.0,4.0,3.0,0.0,2.0,12.5
E0,2024-10-19,15:00,Southampton,Leicester,2,3,A,2,0,H,A Taylor,14,18,7,4,10,10,10,6,5,3,1,0,9736753,1.0,4.0,13.0,0.0,1.0,4.0,-3.5,5.0,7.0,9.0,1.0,2.0,2.0,4.0
E0,2024-10-19,17:30,Bournemouth,Arsenal,2,0,H,0,0,D,R Jones,13,6,4,1,12,11,7,4,1,1,0,1,4673287,6.0,6.0,8.0,2.0,0.0,3.0,5.0,11.0,11.0,6.0,3.0,2.0,0.0,13.5
E0,2024-10-19,15:00,Newcastle,Brighton,0,1,A,0,1,A,P Bankes,21,10,6,5,11,9,9,4,2,2,0,0,1510141,8.0,6.0,6.0,2.0,2.0,1.0,8.0,6.0,8.0,9.0,1.0,3.0,1.0,5.5
E0,2024-10-19,15:00,Ipswich,Everton,0,2,A,0,2,A,M Oliver,13,11,2,8,12,10,5,8,1,1,0,0,4475001,4.0,5.0,8.0,0.0,4.0,1.0,2.5,5.0,7.0,8.0,1.0,2.0,2.0,4.5
E0,2024-10-19,15:00,Man United,Brentford,2,1,H,0,1,A,S Barrott,23,8,11,2,14,5,9,2,2,2,0,0,6806280,5.0,3.0,6.0,1.0,2.0,2.0,3.5,7.0,11.0,10.0,2.0,1.0,2.0,7.5
E0,2024-10-19,15:00,Fulham,Aston Villa,1,3,A,1,1,D,D England,10,14,4,5,8,11,6,11,3,3,1,1,9741681,8.0,8.0,6.0,2.0,2.0,1.0,9.0,11.0,10.0,6.0,3.0,2.0,0.0,13.0
E0,2024-10-19,12:30,Tottenham,West Ham,4,1,H,1,1,D,A Madley,22,11,7,4,10,15,13,5,1,3,0,1,6419657,6.0,9.0,7.0,2.0,0.0,3.0,7.0,5.0,7.0,9.0,1.0,2.0,2.0,4.0
E0,2024-10-20,14:00,Wolves,Man City,1,2,A,1,1,D,C Kavanagh,3,22,2,7,8,5,1,18,4,1,0,0,3055947,1.0,7.0,13.0,0.0,1.0,4.0,-2.0,11.0,11.0,7.0,3.0,2.0,0.0,13.0
E0,2024-10-20,16:30,Liverpool,Chelsea,2,1,H,1,0,H,J Brooks,9,12,5,2,12,13,1,6,4,3,0,0,2520061,12.0,9.0,2.0,4.0,0.0,1.0,15.5,11.0,10.0,4.0,3.0,2.0,0.0,14.0
E0,2024-10-21,20:00,Nott'm Forest,Crystal Palace,1,0,H,0,0,D,T Robinson,20,20,6,7,9,12,6,6,2,3,0,0,3937008,6.0,5.0,5.0,1.0,3.0,1.0,6.0,3.0,4.0,6.0,0.0,3.0,2.0,2.0
E0,2024-10-25,20:00,Leicester,Nott'm Forest,1,3,A,1,1,D,C Pawson,11,20,1,5,16,9,6,7,5,2,0,0,3808418,8.0,9.0,9.0,2.0,2.0,1.0,8.0,8.0,5.0,4.0,2.0,2.0,1.0,8.5
E0,2024-10-26,17:30,Everton,Fulham,1,1,D,0,0,D,J Brooks,10,14,5,3,8,8,4,2,1,0,0,0,6464799,8.0,7.0,5.0,2.0,2.0,1.0,9.0,7.0,8.0,8.0,2.0,1.0,2.0,7.0
E0,2024-10-26,15:00,Man City,Southampton,1,0,H,1,0,H,T Harrington,22,5,8,2,9,9,12,1,1,3,0,0,7315165,11.0,10.0,7.0,3.0,2.0,0.0,12.5,1.0,5.0,13.0,0.0,1.0,4.0,-3.0
E0,2024-10-26,15:00,Brighton,Wolves,2,2,D,1,0,H,M Oliver,19,14,6,7,12,10,9,6,3,3,0,0,7799734,8.0,8.0,8.0,2.0,2.0,1.0,8.0,0.0,7.0,14.0,0.0,0.0,5.0,-3.5
E0,2024-10-26,15:00,Brentford,Ipswich,4,3,H,2,2,D,L Smith,20,11,9,5,7,10,5,5,0,1,0,1,2021443,4.0,9.0,11.0,1.0,1.0,3.0,3.0,3.0,4.0,9.0,0.0,3.0,2.0,0.5
E0,2024-10-26,15:00,Aston Villa,Bournemouth,1,1,D,0,0,D,A Madley,18,11,8,3,12,14,9,7,7,6,0,0,3599791,11.0,11.0,6.0,3.0,2.0,0.0,13.5,6.0,5.0,6.0,2.0,0.0,3.0,5.5
E0,2024-10-27,14:00,Chelsea,Newcastle,2,1,H,1,1,D,S Hooper,17,11,7,3,13,16,7,4,6,3,0,0,6109782,10.0,10.0,5.0,3.0,1.0,1.0,12.5,5.0,4.0,6.0,1.0,2.0,2.0,4.0
E0,2024-10-27,14:00,Crystal Palace,Tottenham,1,0,H,1,0,H,D Bond,14,11,6,3,16,12,8,8,4,4,0,0,1663445,2.0,3.0,6.0,0.0,2.0,3.0,0.5,9.0,12.0,6.0,3.0,0.0,2.0,12.0
E0,2024-10-27,14:00,West Ham,Man United,2,1,H,0,0,D,D Coote,12,18,3,5,6,7,6,5,5,1,0,0,2488808,5.0,7.0,10.0,1.0,2.0,2.0,3.5,8.0,5.0,4.0,2.0,2.0,1.0,8.5
E0,2024-10-27,16:30,Arsenal,Liverpool,2,2,D,2,1,H,A Taylor,9,9,3,4,14,14,1,3,2,2,0,0,4106438,10.0,10.0,7.0,3.0,1.0,1.0,11.5,12.0,8.0,3.0,4.0,0.0,1.0,14.5
E0,2024-11-02,17:30,Wolves,Crystal Palace,2,2,D,0,0,D,A Taylor,11,19,6,7,7,9,3,6,1,2,0,0,7117421,1.0,8.0,14.0,0.0,1.0,4.0,-2.0,4.0,2.0,4.0,1.0,1.0,3.0,3.0
E0,2024-11-02,15:00,Southampton,Everton,1,0,H,0,0,D,A Madley,9,16,2,5,14,18,3,6,4,2,0,0,7042692,1.0,5.0,11.0,0.0,1.0,4.0,-2.0,9.0,6.0,3.0,2.0,3.0,0.0,10.5
E0,2024-11-02,15:00,Nott'm Forest,West Ham,3,0,H,1,0,H,P Bankes,19,4,6,2,7,9,11,6,1,2,0,1,7318303,8.0,7.0,5.0,2.0,2.0,1.0,9.0,7.0,8.0,10.0,2.0,1.0,2.0,6.0
E0,2024-11-02,12:30,Newcastle,Arsenal,1,0,H,1,0,H,J Brooks,9,10,4,1,16,18,4,6,4,4,0,0,2077432,2.0,3.0,7.0,0.0,2.0,3.0,0.0,8.0,11.0,9.0,2.0,2.0,1.0,9.0
E0,2024-11-02,15:00,Ipswich,Leicester,1,1,D,0,0,D,T Robinson,14,20,2,6,11,10,4,6,4,2,1,0,1326724,2.0,7.0,13.0,0.0,2.0,3.0,-1.0,7.0,8.0,10.0,2.0,1.0,2.0,6.0
E0,2024-11-02,15:00,Bournemouth,Man City,2,1,H,1,0,H,M Oliver,12,18,6,4,11,6,3,10,2,1,0,0,5670457,7.0,6.0,6.0,2.0,1.0,2.0,7.0,11.0,9.0,6.0,3.0,2.0,0.0,12.5
E0,2024-11-02,15:00,Liverpool,Brighton,2,1,H,0,1,A,T Harrington,16,13,8,5,10,18,10,7,1,1,0,0,8123083,13.0,10.0,4.0,4.0,1.0,0.0,16.0,8.0,10.0,10.0,2.0,2.0,1.0,8.0
E0,2024-11-03,14:00,Tottenham,Aston Villa,4,1,H,0,1,A,C Pawson,16,12,6,1,14,14,6,4,2,0,0,0,9718156,9.0,12.0,6.0,3.0,0.0,2.0,12.0,9.0,9.0,5.0,2.0,3.0,0.0,11.0
E0,2024-11-03,16:30,Man United,Chelsea,1,1,D,0,0,D,R Jones,11,12,4,3,19,14,4,8,6,2,0,0,9023217,5.0,3.0,6.0,1.0,2.0,2.0,3.5,10.0,11.0,6.0,3.0,1.0,1.0,12.5
E0,2024-11-04,20:00,Fulham,Brentford,2,1,H,0,1,A,S Attwell,26,5,12,2,3,10,11,3,2,1,0,0,1290878,7.0,8.0,8.0,2.0,1.0,2.0,7.0,7.0,12.0,12.0,2.0,1.0,2.0,7.0
E0,2024-11-09,20:00,Liverpool,Aston Villa,2,0,H,1,0,H,D Coote,14,12,5,2,11,15,2,9,0,3,0,0,8958505,13.0,9.0,5.0,4.0,1.0,0.0,15.0,6.0,7.0,8.0,1.0,3.0,1.0,5.5
E0,2024-11-09,15:00,Brentford,Bournemouth,3,2,H,1,1,D,D Bond,12,15,6,3,8,16,6,4,2,4,0,0,7764959,7.0,12.0,11.0,2.0,1.0,2.0,7.5,10.0,8.0,4.0,3.0,1.0,1.0,12.0
E0,2024-11-09,15:00,Crystal Palace,Fulham,0,2,A,0,1,A,M Salisbury,13,17,5,7,10,11,1,8,1,1,1,0,2216571,4.0,4.0,6.0,1.0,1.0,3.0,3.0,7.0,7.0,8.0,2.0,1.0,2.0,6.5
E0,2024-11-09,15:00,West Ham,Everton,0,0,D,0,0,D,S Attwell,11,18,6,4,10,9,7,6,1,2,0,0,5813341,7.0,8.0,10.0,2.0,1.0,2.0,6.0,8.0,5.0,3.0,2.0,2.0,1.0,9.0
E0,2024-11-09,15:00,Wolves,Southampton,2,0,H,1,0,H,T Bramall,8,9,4,0,14,12,1,9,1,4,0,0,8845055,2.0,9.0,13.0,0.0,2.0,3.0,0.0,3.0,5.0,10.0,1.0,0.0,4.0,0.5
E0,2024-11-09,17:30,Brighton,Man City,2,1,H,0,1,A,S Barrott,10,15,4,6,12,10,0,4,3,3,0,0,4958626,7.0,9.0,10.0,2.0,1.0,2.0,6.5,10.0,8.0,6.0,3.0,1.0,1.0,11.0
E0,2024-11-10,16:30,Chelsea,Arsenal,1,1,D,0,0,D,M Oliver,17,13,3,3,12,12,4,3,4,2,0,0,8105030,8.0,9.0,7.0,2.0,2.0,1.0,9.0,7.0,9.0,8.0,2.0,1.0,2.0,7.5
E0,2024-11-10,14:00,Tottenham,Ipswich,1,2,A,0,2,A,D England,17,8,5,3,10,19,12,2,1,5,0,0,3591246,9.0,13.0,6.0,3.0,0.0,2.0,12.5,2.0,7.0,13.0,0.0,2.0,3.0,-1.0
E0,2024-11-10,14:00,Man United,Leicester,3,0,H,2,0,H,P Bankes,13,6,3,5,9,5,1,5,0,1,0,0,8105940,5.0,4.0,7.0,1.0,2.0,2.0,3.5,7.0,8.0,10.0,2.0,1.0,2.0,6.0
E0,2024-11-10,14:00,Nott'm Forest,Newcastle,1,3,A,1,0,H,A Taylor,9,17,3,6,13,6,4,5,1,1,0,0,5273112,10.0,8.0,3.0,3.0,1.0,1.0,12.5,5.0,3.0,4.0,1.0,2.0,2.0,4.5
E0,2024-11-23,12:30,Leicester,Chelsea,1,2,A,0,1,A,A Madley,4,16,1,7,15,12,2,9,4,3,0,0,1396172,7.0,6.0,9.0,2.0,1.0,2.0,5.5,6.0,6.0,6.0,1.0,3.0,1.0,6.0
E0,2024-11-23,15:00,Arsenal,Nott'm Forest,3,0,H,1,0,H,S Hooper,19,7,7,0,10,1,8,1,3,2,0,0,5622607,5.0,6.0,7.0,1.0,2.0,2.0,4.5,10.0,9.0,5.0,3.0,1.0,1.0,12.0
E0,2024-11-23,15:00,Aston Villa,Crystal Palace,2,2,D,1,2,A,T Robinson,17,13,5,6,10,11,10,1,3,2,0,0,4747498,5.0,5.0,8.0,1.0,2.0,2.0,3.5,4.0,3.0,6.0,1.0,1.0,3.0,2.5
E0,2024-11-23,15:00,Bournemouth,Brighton,1,2,A,0,1,A,S Attwell,19,6,5,4,13,10,7,0,2,2,0,1,9758134,7.0,7.0,6.0,2.0,1.0,2.0,7.5,10.0,9.0,7.0,3.0,1.0,1.0,11.0
E0,2024-11-23,15:00,Everton,Brentford,0,0,D,0,0,D,C Kavanagh,27,9,5,2,8,10,10,4,0,0,0,1,7186698,6.0,3.0,2.0,1.0,3.0,1.0,6.5,9.0,14.0,12.0,3.0,0.0,2.0,10.0
E0,2024-11-23,15:00,Fulham,Wolves,1,4,A,1,1,D,R Jones,10,10,3,5,14,14,7,2,3,0,0,0,3206226,7.0,8.0,8.0,2.0,1.0,2.0,7.0,5.0,10.0,11.0,1.0,2.0,2.0,4.5
E0,2024-11-23,17:30,Man City,Tottenham,0,4,A,0,2,A,J Brooks,23,9,5,7,19,9,9,3,4,2,0,0,3453150,9.0,8.0,7.0,3.0,0.0,2.0,9.5,6.0,11.0,8.0,2.0,0.0,3.0,7.5
E0,2024-11-24,14:00,Southampton,Liverpool,2,3,A,1,1,D,S Barrott,7,27,5,11,11,9,3,10,3,4,0,0,5463330,3.0,4.0,9.0,1.0,0.0,4.0,0.5,13.0,9.0,4.0,4.0,1.0,0.0,15.5
E0,2024-11-24,16:30,Ipswich,Man United,1,1,D,1,1,D,A Taylor,11,11,6,4,11,10,4,3,0,0,0,0,8169675,4.0,7.0,12.0,1.0,1.0,3.0,1.5,8.0,7.0,4.0,2.0,2.0,1.0,9.5
E0,2024-11-25,20:00,Newcastle,West Ham,0,2,A,0,1,A,C Pawson,18,15,2,6,11,8,8,3,1,0,0,0,9919879,7.0,5.0,4.0,2.0,1.0,2.0,7.5,7.0,7.0,9.0,2.0,1.0,2.0,6.0
E0,2024-11-29,20:00,Brighton,Southampton,1,1,D,1,0,H,R Jones,22,10,5,2,20,16,7,6,2,4,0,0,2453286,10.0,8.0,6.0,3.0,1.0,1.0,11.0,3.0,5.0,9.0,1.0,0.0,4.0,1.0
E0,2024-11-30,17:30,West Ham,Arsenal,2,5,A,2,5,A,A Taylor,12,16,5,7,10,13,2,10,4,1,0,0,7092575,7.0,5.0,8.0,2.0,1.0,2.0,5.5,5.0,6.0,6.0,1.0,2.0,2.0,5.0
E0,2024-11-30,15:00,Nott'm Forest,Ipswich,1,0,H,0,0,D,T Harrington,12,7,5,3,5,16,8,7,1,3,0,0,4962699,9.0,8.0,7.0,3.0,0.0,2.0,9.5,5.0,7.0,9.0,1.0,2.0,2.0,4.0
E0,2024-11-30,15:00,Wolves,Bournemouth,2,4,A,1,3,A,P Bankes,10,12,3,8,13,11,3,4,4,1,0,0,6313018,8.0,11.0,7.0,2.0,2.0,1.0,10.0,7.0,8.0,7.0,2.0,1.0,2.0,7.5
E0,2024-11-30,15:00,Brentford,Leicester,4,1,H,3,1,H,M Oliver,13,7,6,3,9,10,5,4,1,1,0,0,8368497,7.0,9.0,9.0,2.0,1.0,2.0,7.0,4.0,6.0,11.0,1.0,1.0,3.0,1.5
E0,2024-11-30,15:00,Crystal Palace,Newcastle,1,1,D,0,0,D,D England,16,1,4,0,12,11,8,9,3,3,0,0,6444011,5.0,5.0,7.0,1.0,2.0,2.0,4.0,6.0,5.0,6.0,2.0,0.0,3.0,5.5
E0,2024-12-01,13:30,Chelsea,Aston Villa,3,0,H,2,0,H,S Attwell,17,10,8,4,21,6,3,4,2,2,0,0,3975190,8.0,7.0,6.0,2.0,2.0,1.0,8.5,5.0,7.0,10.0,1.0,2.0,2.0,3.5
E0,2024-12-01,13:30,Man United,Everton,4,0,H,2,0,H,J Brooks,11,8,5,2,12,12,2,2,2,3,0,0,3131297,8.0,8.0,5.0,2.0,2.0,1.0,9.5,6.0,3.0,2.0,1.0,3.0,1.0,6.5
E0,2024-12-01,13:30,Tottenham,Fulham,1,1,D,0,0,D,D Bond,8,14,3,6,4,14,7,11,0,1,0,1,1983307,9.0,13.0,5.0,3.0,0.0,2.0,13.0,7.0,7.0,9.0,2.0,1.0,2.0,6.0
E0,2024-12-01,16:00,Liverpool,Man City,2,0,H,1,0,H,C Kavanagh,18,8,7,2,9,8,7,4,1,3,0,0,3113044,13.0,11.0,6.0,4.0,1.0,0.0,15.5,6.0,5.0,9.0,2.0,0.0,3.0,4.0
E0,2024-12-03,19:30,Ipswich,Crystal Palace,0,1,A,0,0,D,C Pawson,9,13,2,3,14,13,4,7,2,4,0,0,8925288,5.0,7.0,8.0,1.0,2.0,2.0,4.5,6.0,6.0,7.0,1.0,3.0,1.0,5.5
E0,2024-12-03,20:15,Leicester,West Ham,3,1,H,1,0,H,J Smith,8,31,6,10,9,7,3,9,2,2,0,0,7801901,1.0,4.0,13.0,0.0,1.0,4.0,-3.5,7.0,6.0,9.0,2.0,1.0,2.0,5.5
E0,2024-12-04,19:30,Everton,Wolves,4,0,H,2,0,H,M Salisbury,13,6,4,2,10,8,3,4,2,0,0,0,5477949,3.0,1.0,6.0,0.0,3.0,2.0,0.5,8.0,12.0,9.0,2.0,2.0,1.0,9.5
E0,2024-12-04,19:30,Man City,Nott'm Forest,3,0,H,2,0,H,M Oliver,17,12,7,3,7,15,8,2,2,4,0,0,2569345,3.0,3.0,10.0,1.0,0.0,4.0,-0.5,9.0,8.0,7.0,3.0,0.0,2.0,9.5
E0,2024-12-04,19:30,Newcastle,Liverpool,3,3,D,1,0,H,A Madley,17,16,6,5,9,17,5,6,2,5,0,0,7484855,7.0,6.0,6.0,2.0,1.0,2.0,7.0,13.0,11.0,5.0,4.0,1.0,0.0,16.0
E0,2024-12-04,19:30,Southampton,Chelsea,1,5,A,1,3,A,T Harrington,6,26,4,13,7,14,5,7,1,0,1,0,7800514,4.0,4.0,7.0,1.0,1.0,3.0,2.5,11.0,9.0,4.0,3.0,2.0,0.0,13.5
E0,2024-12-04,20:15,Arsenal,Man United,2,0,H,0,0,D,S Barrott,14,5,6,2,12,8,13,0,1,3,0,0,6166583,8.0,11.0,6.0,2.0,2.0,1.0,10.5,8.0,10.0,4.0,2.0,2.0,1.0,11.0
E0,2024-12-04,20:15,Aston Villa,Brentford,3,1,H,3,0,H,L Smith,20,9,10,1,11,15,10,5,2,2,0,0,3988674,2.0,4.0,12.0,0.0,2.0,3.0,-2.0,10.0,12.0,8.0,3.0,1.0,1.0,12.0
E0,2024-12-05,20:15,Bournemouth,Tottenham,1,0,H,1,0,H,S Hooper,21,12,8,4,15,8,5,9,2,2,0,0,3204270,7.0,10.0,9.0,2.0,1.0,2.0,7.5,7.0,10.0,5.0,2.0,1.0,2.0,9.5
E0,2024-12-05,19:30,Fulham,Brighton,3,1,H,1,0,H,P Bankes,6,13,2,3,7,8,5,6,2,2,0,0,4956854,8.0,7.0,7.0,2.0,2.0,1.0,8.0,8.0,8.0,7.0,2.0,2.0,1.0,8.5
E0,2024-12-07,15:00,Brentford,Newcastle,4,2,H,2,2,D,T Robinson,11,16,8,3,10,7,3,4,3,0,0,0,3894444,7.0,9.0,8.0,2.0,1.0,2.0,7.5,8.0,8.0,7.0,2.0,2.0,1.0,8.5
E0,2024-12-07,15:00,Crystal Palace,Man City,2,2,D,1,1,D,R Jones,12,12,3,4,4,10,6,8,1,0,0,1,8371723,6.0,6.0,7.0,1.0,3.0,1.0,5.5,3.0,5.0,10.0,1.0,0.0,4.0,0.5
E0,2024-12-07,15:00,Aston Villa,Southampton,1,0,H,1,0,H,D Bond,18,4,5,0,18,15,14,1,1,3,0,0,2085391,4.0,6.0,12.0,1.0,1.0,3.0,1.0,4.0,5.0,11.0,1.0,1.0,3.0,1.0
E0,2024-12-07,17:30,Man United,Nott'm Forest,2,3,A,1,1,D,D England,17,11,7,3,10,13,5,3,0,2,0,0,7465797,8.0,9.0,4.0,2.0,2.0,1.0,10.5,6.0,5.0,9.0,2.0,0.0,3.0,4.0
E0,2024-12-08,16:30,Tottenham,Chelsea,3,4,A,2,1,H,A Taylor,13,17,5,8,17,11,5,10,2,2,0,0,7349954,7.0,10.0,5.0,2.0,1.0,2.0,9.5,11.0,12.0,4.0,3.0,2.0,0.0,15.0
E0,2024-12-08,14:00,Leicester,Brighton,2,2,D,0,1,A,S Attwell,10,16,3,7,9,10,5,5,1,2,0,0,5626170,4.0,6.0,11.0,1.0,1.0,3.0,1.5,7.0,7.0,8.0,2.0,1.0,2.0,6.5
E0,2024-12-08,14:00,Fulham,Arsenal,1,1,D,1,0,H,C Kavanagh,2,12,2,4,10,9,0,6,4,2,0,0,9319899,10.0,9.0,7.0,3.0,1.0,1.0,11.0,10.0,11.0,4.0,3.0,1.0,1.0,13.5
E0,2024-12-08,14:00,Ipswich,Bournemouth,1,2,A,1,0,H,M Salisbury,18,22,5,6,9,13,6,13,2,1,0,0,9535354,5.0,4.0,5.0,1.0,2.0,2.0,4.5,9.0,10.0,8.0,3.0,0.0,2.0,10.0
E0,2024-12-09,20:00,West Ham,Wolves,2,1,H,0,0,D,J Brooks,19,19,4,5,12,17,11,0,5,4,0,0,7819657,4.0,5.0,11.0,1.0,1.0,3.0,1.0,7.0,10.0,11.0,2.0,1.0,2.0,6.5
E0,2024-12-14,15:00,Arsenal,Everton,0,0,D,0,0,D,C Pawson,13,2,5,0,6,9,8,2,0,3,0,0,6949708,11.0,12.0,4.0,3.0,2.0,0.0,15.0,5.0,4.0,5.0,1.0,2.0,2.0,4.5
E0,2024-12-14,15:00,Liverpool,Fulham,2,2,D,0,1,A,T Harrington,16,12,4,3,10,7,5,4,3,4,1,0,9036985,13.0,12.0,6.0,4.0,1.0,0.0,16.0,8.0,8.0,7.0,2.0,2.0,1.0,8.5
E0,2024-12-14,15:00,Newcastle,Leicester,4,0,H,1,0,H,T Bramall,27,4,11,1,7,16,5,2,3,3,0,0,9395356,5.0,9.0,11.0,1.0,2.0,2.0,4.0,4.0,7.0,12.0,1.0,1.0,3.0,1.5
E0,2024-12-14,15:00,Wolves,Ipswich,1,2,A,0,1,A,S Hooper,16,10,6,5,13,9,7,3,0,2,1,0,2311241,6.0,9.0,11.0,2.0,0.0,3.0,5.0,4.0,4.0,6.0,1.0,1.0,3.0,3.0
E0,2024-12-14,17:30,Nott'm Forest,Aston Villa,2,1,H,0,0,D,S Barrott,17,8,6,2,12,6,4,3,0,1,0,0,3791702,6.0,5.0,11.0,2.0,0.0,3.0,3.0,7.0,6.0,8.0,2.0,1.0,2.0,6.0
E0,2024-12-15,19:00,Southampton,Tottenham,0,5,A,0,5,A,D England,9,18,3,9,8,15,2,5,1,3,0,0,6595319,1.0,4.0,12.0,0.0,1.0,4.0,-3.0,4.0,9.0,8.0,1.0,1.0,3.0,4.5
E0,2024-12-15,19:00,Chelsea,Brentford,2,1,H,1,0,H,P Bankes,26,9,8,4,11,7,8,5,0,2,1,0,4103890,13.0,15.0,6.0,4.0,1.0,0.0,17.5,10.0,12.0,8.0,3.0,1.0,1.0,12.0
E0,2024-12-15,14:00,Brighton,Crystal Palace,1,3,A,0,2,A,M Oliver,17,13,5,5,11,15,8,5,1,4,0,0,7803949,8.0,8.0,8.0,2.0,2.0,1.0,8.0,6.0,6.0,7.0,1.0,3.0,1.0,5.5
E0,2024-12-15,16:30,Man City,Man United,1,2,A,1,0,H,A Taylor,10,10,3,3,5,14,8,2,1,1,0,0,2239378,4.0,6.0,10.0,1.0,1.0,3.0,2.0,7.0,10.0,6.0,2.0,1.0,2.0,9.0
E0,2024-12-16,20:00,Bournemouth,West Ham,1,1,D,0,0,D,C Kavanagh,29,16,9,3,6,11,12,6,0,2,0,0,5258089,9.0,10.0,8.0,3.0,0.0,2.0,10.0,7.0,7.0,9.0,2.0,1.0,2.0,6.0
E0,2024-12-21,12:30,Aston Villa,Man City,2,1,H,1,0,H,P Bankes,11,12,6,6,14,7,5,4,3,3,0,0,5861259,7.0,7.0,8.0,2.0,1.0,2.0,6.5,4.0,6.0,10.0,1.0,1.0,3.0,2.0
E0,2024-12-21,15:00,Brentford,Nott'm Forest,0,2,A,0,1,A,M Oliver,7,10,3,6,9,14,9,5,3,4,0,0,7423633,7.0,10.0,8.0,2.0,1.0,2.0,8.0,9.0,6.0,9.0,3.0,0.0,2.0,7.5
E0,2024-12-21,15:00,Ipswich,Newcastle,0,4,A,0,3,A,S Attwell,10,15,2,7,9,7,2,1,2,0,0,0,1180620,4.0,4.0,6.0,1.0,1.0,3.0,3.0,5.0,10.0,10.0,1.0,2.0,2.0,5.0
E0,2024-12-21,15:00,West Ham,Brighton,1,1,D,0,0,D,R Jones,11,12,4,6,14,20,8,4,2,2,0,0,2976816,7.0,8.0,10.0,2.0,1.0,2.0,6.0,5.0,7.0,10.0,1.0,2.0,2.0,3.5
E0,2024-12-21,17:30,Crystal Palace,Arsenal,1,5,A,1,3,A,S Hooper,15,14,6,6,9,8,3,3,2,2,0,0,5766710,9.0,9.0,6.0,2.0,3.0,0.0,10.5,11.0,11.0,3.0,3.0,2.0,0.0,15.0
E0,2024-12-22,16:30,Tottenham,Liverpool,3,6,A,1,3,A,S Barrott,9,24,5,12,7,9,7,5,1,2,0,0,3361506,7.0,13.0,6.0,2.0,1.0,2.0,10.5,11.0,12.0,7.0,3.0,2.0,0.0,13.5
E0,2024-12-22,14:00,Man United,Bournemouth,0,3,A,0,1,A,C Pawson,23,10,7,5,11,11,13,1,1,3,0,0,9679032,7.0,9.0,7.0,2.0,1.0,2.0,8.0,10.0,9.0,6.0,3.0,1.0,1.0,11.5
E0,2024-12-22,14:00,Everton,Chelsea,0,0,D,0,0,D,C Kavanagh,5,12,4,5,20,12,2,5,4,1,0,0,7488957,6.0,4.0,4.0,1.0,3.0,1.0,6.0,15.0,16.0,6.0,5.0,0.0,0.0,20.0
E0,2024-12-22,14:00,Fulham,Southampton,0,0,D,0,0,D,T Robinson,16,5,5,1,8,15,6,5,1,3,0,0,4701361,6.0,8.0,9.0,1.0,3.0,1.0,5.5,1.0,4.0,15.0,0.0,1.0,4.0,-4.5
E0,2024-12-22,14:00,Leicester,Wolves,0,3,A,0,3,A,A Taylor,9,8,5,4,15,16,6,1,2,0,0,0,3606904,4.0,7.0,13.0,1.0,1.0,3.0,1.0,3.0,8.0,13.0,1.0,0.0,4.0,0.5
E0,2024-12-26,12:30,Man City,Everton,1,1,D,1,1,D,S Hooper,24,8,5,3,5,10,8,5,1,4,0,0,9970174,4.0,7.0,8.0,1.0,1.0,3.0,3.5,6.0,4.0,4.0,1.0,3.0,1.0,6.0
E0,2024-12-26,15:00,Bournemouth,Crystal Palace,0,0,D,0,0,D,T Bramall,18,10,4,4,13,12,5,2,2,2,0,0,9133627,13.0,11.0,4.0,4.0,1.0,0.0,16.5,8.0,8.0,9.0,2.0,2.0,1.0,7.5
E0,2024-12-26,15:00,Chelsea,Fulham,1,2,A,1,0,H,S Barrott,12,14,8,7,13,13,3,1,1,3,0,0,2356388,13.0,14.0,5.0,4.0,1.0,0.0,17.5,7.0,7.0,5.0,1.0,4.0,0.0,8.0
E0,2024-12-26,15:00,Newcastle,Aston Villa,3,0,H,1,0,H,A Taylor,22,4,8,1,15,10,9,6,2,1,0,1,2375865,8.0,14.0,8.0,2.0,2.0,1.0,11.0,9.0,7.0,7.0,3.0,0.0,2.0,9.0
E0,2024-12-26,15:00,Nott'm Forest,Tottenham,1,0,H,1,0,H,C Pawson,10,13,3,4,12,13,2,7,3,2,0,1,9870960,12.0,8.0,6.0,4.0,0.0,1.0,13.0,4.0,12.0,12.0,1.0,1.0,3.0,4.0
E0,2024-12-26,15:00,Southampton,West Ham,0,1,A,0,0,D,L Smith,18,16,5,2,15,8,2,2,1,2,0,0,2773784,2.0,2.0,12.0,0.0,2.0,3.0,-3.0,5.0,7.0,11.0,1.0,2.0,2.0,3.0
E0,2024-12-26,17:30,Wolves,Man United,2,0,H,0,0,D,T Harrington,7,11,4,4,12,12,4,4,2,2,0,1,4320295,3.0,7.0,12.0,1.0,0.0,4.0,0.5,6.0,8.0,9.0,2.0,0.0,3.0,5.5
E0,2024-12-26,20:00,Liverpool,Leicester,3,1,H,1,1,D,D Bond,19,4,7,1,17,5,14,1,3,2,0,0,8620829,11.0,16.0,10.0,3.0,2.0,0.0,14.0,4.0,6.0,14.0,1.0,1.0,3.0,0.0
E0,2024-12-27,19:30,Brighton,Brentford,0,0,D,0,0,D,A Madley,24,8,7,3,6,12,5,3,0,2,0,0,1233371,3.0,6.0,10.0,0.0,3.0,2.0,1.0,6.0,10.0,10.0,2.0,0.0,3.0,6.0
E0,2024-12-27,20:15,Arsenal,Ipswich,1,0,H,1,0,H,D England,13,3,5,0,7,12,5,1,1,1,0,0,9499088,11.0,13.0,4.0,3.0,2.0,0.0,15.5,3.0,3.0,9.0,1.0,0.0,4.0,0.0
E0,2024-12-29,15:00,Tottenham,Wolves,2,2,D,2,1,H,C Kavanagh,13,11,3,3,9,10,5,5,1,2,0,0,9750562,3.0,11.0,12.0,1.0,0.0,4.0,2.5,6.0,7.0,8.0,2.0,0.0,3.0,5.5
E0,2024-12-29,17:15,West Ham,Liverpool,0,5,A,0,3,A,A Taylor,7,22,0,13,7,10,3,6,0,0,0,0,7438932,8.0,6.0,6.0,2.0,2.0,1.0,8.0,11.0,16.0,9.0,3.0,2.0,0.0,14.5
E0,2024-12-29,15:00,Fulham,Bournemouth,2,2,D,1,0,H,R Jones,11,16,6,9,7,16,1,7,1,3,0,0,4628205,9.0,8.0,5.0,2.0,3.0,0.0,10.5,11.0,7.0,2.0,3.0,2.0,0.0,13.5
E0,2024-12-29,15:00,Crystal Palace,Southampton,2,1,H,1,1,D,M Salisbury,19,7,10,3,18,19,8,7,2,3,0,0,7444917,8.0,7.0,8.0,2.0,2.0,1.0,7.5,1.0,1.0,12.0,0.0,1.0,4.0,-4.5
E0,2024-12-29,14:30,Leicester,Man City,0,2,A,0,1,A,M Oliver,11,14,4,5,11,6,4,4,2,1,0,0,8099672,4.0,6.0,13.0,1.0,1.0,3.0,0.5,5.0,8.0,7.0,1.0,2.0,2.0,5.5
E0,2024-12-29,15:00,Everton,Nott'm Forest,0,2,A,0,1,A,T Harrington,13,11,2,7,13,10,5,4,4,1,0,0,2118013,6.0,5.0,5.0,1.0,3.0,1.0,6.0,12.0,8.0,6.0,4.0,0.0,1.0,13.0
E0,2024-12-30,19:45,Aston Villa,Brighton,2,2,D,1,1,D,C Pawson,20,13,4,4,9,14,12,3,2,3,0,0,9433328,9.0,7.0,7.0,3.0,0.0,2.0,9.0,3.0,5.0,9.0,0.0,3.0,2.0,1.0
E0,2024-12-30,19:45,Ipswich,Chelsea,2,0,H,1,0,H,J Brooks,9,20,6,5,9,5,4,7,4,4,0,0,2555232,3.0,3.0,9.0,1.0,0.0,4.0,0.0,10.0,12.0,7.0,3.0,1.0,1.0,12.5
E0,2024-12-30,20:00,Man United,Newcastle,0,2,A,0,2,A,S Hooper,10,12,0,4,13,8,2,3,1,1,0,0,1501019,3.0,4.0,11.0,1.0,0.0,4.0,-0.5,10.0,16.0,7.0,3.0,1.0,1.0,14.5
E0,2025-01-01,17:30,Brentford,Arsenal,1,3,A,1,1,D,P Bankes,5,14,2,5,6,8,4,3,1,2,0,0,5531407,4.0,6.0,9.0,1.0,1.0,3.0,2.5,11.0,9.0,2.0,3.0,2.0,0.0,14.5
E0,2025-01-04,12:30,Tottenham,Newcastle,1,2,A,1,2,A,A Madley,13,14,4,4,11,15,9,10,1,4,0,0,8399669,4.0,13.0,13.0,1.0,1.0,3.0,4.0,12.0,15.0,4.0,4.0,0.0,1.0,17.5
E0,2025-01-04,15:00,Aston Villa,Leicester,2,1,H,0,0,D,J Gillett,13,4,5,2,10,11,7,2,0,1,0,0,2443838,7.0,6.0,8.0,2.0,1.0,2.0,6.0,1.0,3.0,14.0,0.0,1.0,4.0,-4.5
E0,2025-01-04,15:00,Bournemouth,Everton,1,0,H,0,0,D,J Brooks,19,9,8,0,15,14,9,3,2,2,0,0,4363658,9.0,8.0,4.0,2.0,3.0,0.0,11.0,6.0,5.0,3.0,1.0,3.0,1.0,7.0
E0,2025-01-04,15:00,Crystal Palace,Chelsea,1,1,D,0,1,A,T Robinson,13,15,6,1,9,12,6,6,0,2,0,0,6947741,8.0,8.0,9.0,2.0,2.0,1.0,7.5,7.0,7.0,8.0,2.0,1.0,2.0,6.5
E0,2025-01-04,15:00,Man City,West Ham,4,1,H,2,0,H,M Salisbury,10,17,7,4,8,13,7,1,2,1,0,0,9069270,5.0,7.0,7.0,1.0,2.0,2.0,5.0,8.0,5.0,8.0,2.0,2.0,1.0,6.5
E0,2025-01-04,15:00,Southampton,Brentford,0,5,A,0,1,A,S Attwell,8,20,1,11,10,4,2,2,2,0,0,0,9929621,1.0,1.0,9.0,0.0,1.0,4.0,-3.0,4.0,6.0,9.0,1.0,1.0,3.0,2.5
E0,2025-01-04,17:30,Brighton,Arsenal,1,1,D,0,1,A,A Taylor,11,9,4,3,17,14,2,5,2,3,0,0,4223177,4.0,6.0,8.0,0.0,4.0,1.0,3.0,11.0,10.0,3.0,3.0,2.0,0.0,14.5
E0,2025-01-05,14:00,Fulham,Ipswich,2,2,D,0,1,A,D Bond,15,7,4,3,10,14,9,2,1,5,0,0,5768988,7.0,7.0,6.0,1.0,4.0,0.0,7.5,6.0,5.0,8.0,2.0,0.0,3.0,4.5
E0,2025-01-05,16:30,Liverpool,Man United,2,2,D,0,0,D,M Oliver,19,13,6,4,10,13,6,9,2,4,0,0,5618371,11.0,19.0,9.0,3.0,2.0,0.0,16.0,3.0,4.0,11.0,1.0,0.0,4.0,-0.5
E0,2025-01-06,20:00,Wolves,Nott'm Forest,0,3,A,0,2,A,P Bankes,13,11,6,3,10,8,5,3,1,2,0,0,8895762,7.0,9.0,6.0,2.0,1.0,2.0,8.5,15.0,10.0,3.0,5.0,0.0,0.0,18.5
E0,2025-01-14,19:30,Brentford,Man City,2,2,D,0,0,D,A Taylor,18,21,6,8,4,4,4,5,0,0,0,0,1957079,4.0,7.0,7.0,1.0,1.0,3.0,4.0,7.0,9.0,6.0,2.0,1.0,2.0,8.5
E0,2025-01-14,19:30,Chelsea,Bournemouth,2,2,D,1,0,H,R Jones,26,7,10,3,15,16,9,3,2,3,0,0,7579427,5.0,4.0,6.0,1.0,2.0,2.0,4.0,9.0,7.0,3.0,2.0,3.0,0.0,11.0
E0,2025-01-14,19:30,West Ham,Fulham,3,2,H,2,0,H,C Pawson,4,21,3,5,9,18,0,3,3,3,0,0,1874163,5.0,4.0,11.0,1.0,2.0,2.0,1.5,7.0,8.0,7.0,1.0,4.0,0.0,7.5
E0,2025-01-14,20:00,Nott'm Forest,Liverpool,1,1,D,1,0,H,C Kavanagh,6,23,3,7,7,10,0,9,2,1,0,0,9444552,15.0,10.0,1.0,5.0,0.0,0.0,19.5,11.0,18.0,8.0,3.0,2.0,0.0,16.0
E0,2025-01-15,19:30,Everton,Aston Villa,0,1,A,0,0,D,S Barrott,10,11,3,3,17,10,8,5,2,1,0,0,4200964,3.0,1.0,4.0,0.0,3.0,2.0,1.5,7.0,7.0,9.0,2.0,1.0,2.0,6.0
E0,2025-01-15,19:30,Leicester,Crystal Palace,0,2,A,0,0,D,A Madley,21,9,4,4,7,6,4,3,0,0,0,0,8752952,0.0,2.0,14.0,0.0,0.0,5.0,-6.0,8.0,7.0,8.0,2.0,2.0,1.0,7.5
E0,2025-01-15,19:30,Newcastle,Wolves,3,0,H,1,0,H,D England,17,13,5,7,10,13,4,2,0,2,0,0,8332455,15.0,15.0,1.0,5.0,0.0,0.0,22.0,7.0,8.0,7.0,2.0,1.0,2.0,7.5
E0,2025-01-15,20:00,Arsenal,Tottenham,2,1,H,2,1,H,S Hooper,14,10,4,2,16,9,10,4,3,1,0,0,7538052,11.0,10.0,3.0,3.0,2.0,0.0,14.5,4.0,11.0,11.0,1.0,1.0,3.0,4.0
E0,2025-01-16,19:30,Ipswich,Brighton,0,2,A,0,0,D,T Harrington,5,11,3,5,13,14,1,9,2,2,0,0,6576876,7.0,6.0,8.0,2.0,1.0,2.0,6.0,4.0,5.0,7.0,0.0,4.0,1.0,3.0
E0,2025-01-16,20:00,Man United,Southampton,3,1,H,0,1,A,J Brooks,23,13,9,5,7,10,5,4,1,3,0,0,6659969,4.0,4.0,10.0,1.0,1.0,3.0,1.0,1.0,1.0,13.0,0.0,1.0,4.0,-5.0
E0,2025-01-18,15:00,West Ham,Crystal Palace,0,2,A,0,0,D,T Bramall,7,12,0,7,13,10,2,4,1,0,1,0,1808252,7.0,6.0,12.0,2.0,1.0,2.0,4.0,8.0,6.0,7.0,2.0,2.0,1.0,7.5
E0,2025-01-18,15:00,Leicester,Fulham,0,2,A,0,0,D,M Salisbury,8,17,4,2,8,8,5,2,3,1,0,0,9164734,0.0,2.0,12.0,0.0,0.0,5.0,-5.0,6.0,8.0,8.0,1.0,3.0,1.0,6.0
E0,2025-01-18,17:30,Arsenal,Aston Villa,2,2,D,1,0,H,C Kavanagh,18,8,6,4,10,18,10,1,2,3,0,0,6020435,13.0,12.0,4.0,4.0,1.0,0.0,17.0,10.0,7.0,7.0,3.0,1.0,1.0,10.0
E0,2025-01-18,12:30,Newcastle,Bournemouth,1,4,A,1,2,A,S Attwell,13,19,5,10,7,18,7,6,1,6,0,0,7236886,15.0,14.0,1.0,5.0,0.0,0.0,21.5,9.0,8.0,4.0,2.0,3.0,0.0,11.0
E0,2025-01-18,15:00,Brentford,Liverpool,0,2,A,0,0,D,A Madley,11,37,6,8,6,14,2,15,2,3,0,0,5531525,5.0,8.0,7.0,1.0,2.0,2.0,5.5,11.0,17.0,7.0,3.0,2.0,0.0,16.0
E0,2025-01-19,16:30,Ipswich,Man City,0,6,A,0,3,A,S Barrott,8,17,4,9,4,7,4,7,0,1,0,0,6235431,4.0,4.0,9.0,1.0,1.0,3.0,1.5,8.0,10.0,6.0,2.0,2.0,1.0,10.0
E0,2025-01-19,14:00,Nott'm Forest,Southampton,3,2,H,3,0,H,A Taylor,14,10,5,4,4,18,2,8,0,4,0,0,4716031,13.0,9.0,1.0,4.0,1.0,0.0,17.0,1.0,2.0,11.0,0.0,1.0,4.0,-3.5
E0,2025-01-19,14:00,Everton,Tottenham,3,2,H,3,0,H,D England,12,11,6,6,14,14,3,8,2,1,0,0,9123065,2.0,1.0,5.0,0.0,2.0,3.0,0.0,1.0,7.0,13.0,0.0,1.0,4.0,-2.0
E0,2025-01-19,14:00,Man United,Brighton,1,3,A,1,1,D,P Bankes,10,6,1,3,13,12,4,2,3,3,0,0,4160252,4.0,5.0,10.0,1.0,1.0,3.0,1.5,7.0,6.0,4.0,1.0,4.0,0.0,8.0
E0,2025-01-20,20:00,Chelsea,Wolves,3,1,H,1,1,D,S Hooper,19,9,7,4,8,14,3,6,4,2,0,0,9954663,3.0,4.0,7.0,0.0,3.0,2.0,1.5,7.0,7.0,8.0,2.0,1.0,2.0,6.5
E0,2025-01-25,15:00,Bournemouth,Nott'm Forest,5,0,H,1,0,H,C Pawson,16,18,10,4,9,12,3,9,2,3,0,0,8101213,9.0,9.0,5.0,2.0,3.0,0.0,11.0,13.0,10.0,3.0,4.0,1.0,0.0,16.5
E0,2025-01-25,15:00,Brighton,Everton,0,1,A,0,1,A,T Robinson,16,3,1,1,8,11,9,1,3,4,0,0,5686154,9.0,8.0,4.0,2.0,3.0,0.0,11.0,4.0,4.0,7.0,1.0,1.0,3.0,2.5
E0,2025-01-25,15:00,Liverpool,Ipswich,4,1,H,3,0,H,M Salisbury,16,3,6,3,10,11,3,4,0,2,0,0,3405276,11.0,13.0,4.0,3.0,2.0,0.0,15.5,4.0,4.0,11.0,1.0,1.0,3.0,0.5
E0,2025-01-25,15:00,Southampton,Newcastle,1,3,A,1,2,A,S Barrott,12,17,5,9,10,5,3,8,1,0,0,0,1345451,0.0,4.0,14.0,0.0,0.0,5.0,-5.0,12.0,11.0,5.0,4.0,0.0,1.0,15.0
E0,2025-01-25,15:00,Wolves,Arsenal,0,1,A,0,0,D,M Oliver,9,9,4,3,20,10,1,5,0,1,1,1,7285764,4.0,5.0,11.0,1.0,1.0,3.0,1.0,11.0,9.0,5.0,3.0,2.0,0.0,13.0
E0,2025-01-25,17:30,Man City,Chelsea,3,1,H,1,1,D,J Brooks,15,10,6,4,6,8,2,4,3,2,0,0,8388531,11.0,15.0,4.0,3.0,2.0,0.0,16.5,5.0,7.0,8.0,1.0,2.0,2.0,4.5
E0,2025-01-26,14:00,Crystal Palace,Brentford,1,2,A,0,0,D,T Harrington,16,13,5,6,8,11,4,7,2,2,0,0,2797986,11.0,7.0,2.0,3.0,2.0,0.0,13.5,5.0,8.0,7.0,1.0,2.0,2.0,5.5
E0,2025-01-26,14:00,Tottenham,Leicester,1,2,A,1,0,H,R Jones,15,12,6,3,6,16,6,4,1,5,0,0,8823060,1.0,6.0,10.0,0.0,1.0,4.0,-1.0,0.0,2.0,11.0,0.0,0.0,5.0,-4.5
E0,2025-01-26,16:30,Aston Villa,West Ham,1,1,D,1,0,H,P Bankes,14,14,4,4,13,16,4,3,2,3,0,0,6409396,8.0,7.0,8.0,2.0,2.0,1.0,7.5,6.0,5.0,13.0,2.0,0.0,3.0,2.0
E0,2025-01-26,19:00,Fulham,Man United,0,1,A,0,0,D,A Taylor,9,4,3,1,7,9,3,0,0,1,0,0,7540366,8.0,10.0,8.0,2.0,2.0,1.0,9.0,4.0,6.0,10.0,1.0,1.0,3.0,2.0
E0,2025-02-01,15:00,Ipswich,Southampton,1,2,A,1,1,D,M Oliver,15,9,6,4,11,14,1,2,0,3,0,0,1987854,4.0,5.0,14.0,1.0,1.0,3.0,-0.5,0.0,5.0,16.0,0.0,0.0,5.0,-5.5
E0,2025-02-01,17:30,Wolves,Aston Villa,2,0,H,1,0,H,A Madley,8,10,5,3,20,13,5,8,2,3,0,0,7954721,1.0,3.0,12.0,0.0,1.0,4.0,-3.5,9.0,8.0,6.0,2.0,3.0,0.0,10.0
E0,2025-02-01,15:00,Newcastle,Fulham,1,2,A,1,0,H,C Kavanagh,11,15,4,4,10,15,4,7,4,4,0,0,1990383,12.0,11.0,6.0,4.0,0.0,1.0,14.5,5.0,8.0,8.0,1.0,2.0,2.0,5.0
E0,2025-02-01,15:00,Everton,Leicester,4,0,H,3,0,H,D Bond,13,9,7,1,7,13,5,6,0,0,0,0,3507547,6.0,4.0,6.0,2.0,0.0,3.0,5.0,3.0,3.0,9.0,1.0,0.0,4.0,0.0
E0,2025-02-01,15:00,Bournemouth,Liverpool,0,2,A,0,1,A,D England,14,19,3,7,15,9,3,3,2,3,0,0,5543465,11.0,14.0,5.0,3.0,2.0,0.0,15.5,11.0,14.0,4.0,3.0,2.0,0.0,16.0
E0,2025-02-01,12:30,Nott'm Forest,Brighton,7,0,H,3,0,H,S Hooper,14,10,9,5,8,13,4,6,1,3,0,0,2154973,10.0,9.0,8.0,3.0,1.0,1.0,10.5,8.0,8.0,5.0,2.0,2.0,1.0,9.5
E0,2025-02-02,14:00,Brentford,Tottenham,0,2,A,0,1,A,J Gillett,20,13,4,2,4,11,10,3,0,1,0,0,1888471,7.0,10.0,8.0,2.0,1.0,2.0,8.0,1.0,7.0,11.0,0.0,1.0,4.0,-1.0
E0,2025-02-02,14:00,Man United,Crystal Palace,0,2,A,0,0,D,J Brooks,17,11,2,3,12,13,11,0,3,1,0,0,9988246,7.0,7.0,8.0,2.0,1.0,2.0,6.5,10.0,8.0,4.0,3.0,1.0,1.0,12.0
E0,2025-02-02,16:30,Arsenal,Man City,5,1,H,1,0,H,P Bankes,12,7,7,4,6,7,5,2,2,0,0,0,2474072,11.0,9.0,5.0,3.0,2.0,0.0,13.0,13.0,17.0,4.0,4.0,1.0,0.0,19.5
E0,2025-02-03,20:00,Chelsea,West Ham,2,1,H,0,1,A,S Attwell,22,14,3,5,11,10,4,3,3,1,0,0,2618046,5.0,7.0,9.0,1.0,2.0,2.0,4.0,4.0,5.0,14.0,1.0,1.0,3.0,-0.5
E0,2025-02-12,19:30,Everton,Liverpool,2,2,D,1,1,D,M Oliver,10,6,3,4,9,20,2,3,2,2,1,1,2881181,9.0,8.0,4.0,3.0,0.0,2.0,11.0,11.0,11.0,4.0,3.0,2.0,0.0,14.5
E0,2025-02-14,20:00,Brighton,Chelsea,3,0,H,2,0,H,K Kavanagh,13,8,5,0,12,15,2,9,1,2,0,0,7928301,7.0,6.0,10.0,2.0,1.0,2.0,5.0,8.0,9.0,8.0,2.0,2.0,1.0,8.5
E0,2025-02-15,12:30,Leicester,Arsenal,0,2,A,0,0,D,S Barrott,6,11,2,5,9,10,3,7,2,1,0,0,7472393,3.0,3.0,11.0,1.0,0.0,4.0,-1.0,11.0,11.0,5.0,3.0,2.0,0.0,14.0
E0,2025-02-15,15:00,Aston Villa,Ipswich,1,1,D,0,0,D,R Jones,25,4,6,3,7,11,16,1,0,3,0,1,6908206,8.0,6.0,6.0,2.0,2.0,1.0,8.0,1.0,4.0,16.0,0.0,1.0,4.0,-5.0
E0,2025-02-15,15:00,Fulham,Nott'm Forest,2,1,H,1,1,D,T Bramall,24,8,10,2,13,8,8,4,0,0,0,0,2635822,7.0,8.0,7.0,2.0,1.0,2.0,7.5,10.0,14.0,8.0,3.0,1.0,1.0,13.0
E0,2025-02-15,15:00,Man City,Newcastle,4,0,H,3,0,H,A Madley,11,3,7,1,5,13,7,4,0,1,0,0,1118503,10.0,16.0,9.0,3.0,1.0,1.0,13.5,9.0,10.0,8.0,3.0,0.0,2.0,10.0
E0,2025-02-15,15:00,Southampton,Bournemouth,1,3,A,0,2,A,J Gillett,11,14,4,7,13,15,4,6,1,3,0,0,6466793,3.0,6.0,15.0,1.0,0.0,4.0,-1.5,10.0,12.0,5.0,3.0,1.0,1.0,13.5
E0,2025-02-15,15:00,West Ham,Brentford,0,1,A,0,1,A,D England,13,14,3,5,10,13,9,2,1,1,0,0,9405040,4.0,6.0,11.0,1.0,1.0,3.0,1.5,7.0,9.0,7.0,2.0,1.0,2.0,8.0
E0,2025-02-15,17:30,Crystal Palace,Everton,1,2,A,0,1,A,A Taylor,17,11,6,6,9,12,6,2,0,1,0,0,7584994,10.0,8.0,3.0,3.0,1.0,1.0,12.5,10.0,10.0,5.0,3.0,1.0,1.0,12.5
E0,2025-02-16,14:00,Liverpool,Wolves,2,1,H,2,0,H,S Hooper,10,16,3,4,15,13,4,3,2,2,0,0,4335947,11.0,11.0,4.0,3.0,2.0,0.0,14.5,3.0,3.0,10.0,1.0,0.0,4.0,-0.5
E0,2025-02-16,16:30,Tottenham,Man United,1,0,H,1,0,H,P Bankes,22,16,7,6,13,9,10,5,1,2,0,0,9293378,3.0,7.0,9.0,1.0,0.0,4.0,2.0,7.0,7.0,8.0,2.0,1.0,2.0,6.5
E0,2025-02-19,19:30,Aston Villa,Liverpool,2,2,D,2,1,H,C Pawson,9,17,4,3,8,6,6,8,1,0,0,0,3099743,6.0,5.0,6.0,1.0,3.0,1.0,5.5,13.0,12.0,4.0,4.0,1.0,0.0,17.0
E0,2025-02-21,20:00,Leicester,Brentford,0,4,A,0,3,A,T Harrington,8,14,3,6,10,10,5,6,4,0,0,0,2975102,3.0,2.0,11.0,1.0,0.0,4.0,-1.5,7.0,5.0,7.0,2.0,1.0,2.0,6.0
E0,2025-02-22,12:30,Everton,Man United,2,2,D,2,0,H,A Madley,9,9,8,3,12,9,7,9,4,1,0,0,4399497,13.0,12.0,5.0,4.0,1.0,0.0,16.5,6.0,5.0,7.0,2.0,0.0,3.0,5.0
E0,2025-02-22,15:00,Arsenal,West Ham,0,1,A,0,1,A,C Pawson,20,5,2,2,16,15,2,0,1,3,1,0,3643857,13.0,12.0,4.0,4.0,1.0,0.0,17.0,4.0,5.0,8.0,1.0,1.0,3.0,2.5
E0,2025-02-22,15:00,Bournemouth,Wolves,0,1,A,0,1,A,M Salisbury,8,13,3,5,17,9,6,7,3,3,1,0,4552775,10.0,14.0,6.0,3.0,1.0,1.0,14.0,3.0,4.0,9.0,1.0,0.0,4.0,0.5
E0,2025-02-22,15:00,Fulham,Crystal Palace,0,2,A,0,1,A,R Jones,10,10,0,5,10,7,7,7,1,3,0,0,8177921,9.0,8.0,6.0,3.0,0.0,2.0,10.0,9.0,8.0,4.0,3.0,0.0,2.0,11.0
E0,2025-02-22,15:00,Ipswich,Tottenham,1,4,A,1,2,A,T Robinson,17,10,5,6,15,14,4,4,2,1,0,0,1332091,1.0,3.0,15.0,0.0,1.0,4.0,-5.0,6.0,7.0,7.0,2.0,0.0,3.0,6.0
E0,2025-02-22,15:00,Southampton,Brighton,0,4,A,0,1,A,D Bond,6,18,1,12,11,12,5,6,2,0,0,0,3842295,3.0,7.0,13.0,1.0,0.0,4.0,0.0,9.0,8.0,9.0,3.0,0.0,2.0,8.5
E0,2025-02-22,17:30,Aston Villa,Chelsea,2,1,H,0,1,A,M Oliver,12,15,6,7,15,16,2,3,1,3,0,0,1448433,4.0,6.0,8.0,0.0,4.0,1.0,3.0,7.0,8.0,10.0,2.0,1.0,2.0,6.0
E0,2025-02-23,14:00,Newcastle,Nott'm Forest,4,3,H,4,1,H,J Gillett,13,17,5,5,11,13,7,6,1,4,0,0,8569792,6.0,8.0,11.0,2.0,0.0,3.0,4.5,7.0,12.0,10.0,2.0,1.0,2.0,8.0
E0,2025-02-23,16:30,Man City,Liverpool,0,2,A,0,2,A,A Taylor,16,8,5,4,3,10,7,5,0,0,0,0,6205312,10.0,16.0,8.0,3.0,1.0,1.0,14.0,11.0,12.0,6.0,3.0,2.0,0.0,14.0
E0,2025-02-25,19:30,Brighton,Bournemouth,2,1,H,1,0,H,M Oliver,11,19,4,5,12,14,1,9,2,1,0,0,3018150,9.0,10.0,9.0,3.0,0.0,2.0,9.5,9.0,12.0,5.0,3.0,0.0,2.0,12.5
E0,2025-02-25,19:30,Crystal Palace,Aston Villa,4,1,H,1,0,H,S Barrott,19,6,6,2,19,10,3,8,3,1,0,0,1222240,9.0,8.0,4.0,3.0,0.0,2.0,11.0,6.0,6.0,7.0,1.0,3.0,1.0,5.5
E0,2025-02-25,19:30,Wolves,Fulham,1,2,A,1,1,D,P Bankes,18,11,5,5,8,15,7,5,1,3,0,0,9739527,6.0,5.0,6.0,2.0,0.0,3.0,5.5,9.0,6.0,5.0,3.0,0.0,2.0,9.5
E0,2025-02-25,20:15,Chelsea,Southampton,4,0,H,3,0,H,T Bramall,19,7,10,2,6,9,4,2,1,2,0,0,7983208,6.0,7.0,10.0,2.0,0.0,3.0,4.5,3.0,6.0,14.0,1.0,0.0,4.0,-1.0
E0,2025-02-26,20:15,Liverpool,Newcastle,2,0,H,1,0,H,C Kavanagh,12,3,3,0,12,11,4,2,0,1,0,0,6328011,11.0,10.0,5.0,3.0,2.0,0.0,13.5,6.0,9.0,14.0,2.0,0.0,3.0,3.5
E0,2025-02-26,19:30,Tottenham,Man City,0,1,A,0,1,A,J Gillett,11,12,6,5,12,15,8,3,3,0,0,0,2602803,9.0,10.0,6.0,3.0,0.0,2.0,11.0,9.0,14.0,8.0,3.0,0.0,2.0,12.0
E0,2025-02-26,19:30,Man United,Ipswich,3,2,H,2,2,D,D England,10,12,6,3,9,16,5,6,4,4,1,0,8288721,4.0,4.0,8.0,1.0,1.0,3.0,2.0,1.0,4.0,17.0,0.0,1.0,4.0,-5.5
E0,2025-02-26,19:30,Brentford,Everton,1,1,D,1,0,H,S Hooper,12,14,3,4,3,6,2,5,2,1,0,0,8585134,9.0,7.0,5.0,3.0,0.0,2.0,10.0,11.0,11.0,5.0,3.0,2.0,0.0,14.0
E0,2025-02-26,19:30,Nott'm Forest,Arsenal,0,0,D,0,0,D,A Madley,6,13,2,1,10,17,3,11,1,1,0,0,2214969,6.0,14.0,13.0,2.0,0.0,3.0,6.5,10.0,10.0,4.0,3.0,1.0,1.0,13.0
E0,2025-02-27,20:00,West Ham,Leicester,2,0,H,2,0,H,S Attwell,8,10,2,2,12,6,3,3,0,0,0,0,8143175,4.0,3.0,6.0,1.0,1.0,3.0,2.5,3.0,2.0,13.0,1.0,0.0,4.0,-2.5
E0,2025-03-08,12:30,Nott'm Forest,Man City,1,0,H,0,0,D,C Kavanagh,9,14,4,3,9,7,3,2,3,2,0,0,6119478,4.0,11.0,11.0,1.0,1.0,3.0,4.0,9.0,9.0,8.0,3.0,0.0,2.0,9.5
E0,2025-03-08,15:00,Brighton,Fulham,2,1,H,1,1,D,S Barrott,9,6,4,1,6,12,3,7,0,2,0,0,8035866,9.0,9.0,9.0,3.0,0.0,2.0,9.0,9.0,6.0,6.0,3.0,0.0,2.0,9.0
E0,2025-03-08,15:00,Crystal Palace,Ipswich,1,0,H,0,0,D,S Hooper,19,15,4,8,8,7,5,4,4,3,0,0,6775099,9.0,10.0,5.0,3.0,0.0,2.0,11.5,1.0,6.0,14.0,0.0,1.0,4.0,-3.0
E0,2025-03-08,15:00,Liverpool,Southampton,3,1,H,0,1,A,L Smith,28,6,7,4,10,9,6,4,2,1,0,0,2075013,11.0,10.0,5.0,3.0,2.0,0.0,13.5,3.0,4.0,15.0,1.0,0.0,4.0,-2.5
E0,2025-03-08,17:30,Brentford,Aston Villa,0,1,A,0,0,D,J Gillett,13,12,3,4,10,5,6,5,2,2,0,0,3017318,10.0,8.0,4.0,3.0,1.0,1.0,12.0,5.0,6.0,10.0,1.0,2.0,2.0,3.0
E0,2025-03-08,20:00,Wolves,Everton,1,1,D,1,1,D,S Attwell,11,12,3,4,11,16,5,5,2,2,0,0,4169182,6.0,5.0,5.0,2.0,0.0,3.0,6.0,9.0,11.0,6.0,2.0,3.0,0.0,11.5
E0,2025-03-09,14:00,Chelsea,Leicester,1,0,H,0,0,D,T Robinson,20,3,7,3,12,13,12,2,1,0,0,0,8337018,6.0,8.0,9.0,2.0,0.0,3.0,5.5,3.0,2.0,13.0,1.0,0.0,4.0,-2.5
E0,2025-03-09,14:00,Tottenham,Bournemouth,2,2,D,0,1,A,J Brooks,12,17,4,8,15,16,3,6,3,3,0,0,3598865,9.0,8.0,4.0,3.0,0.0,2.0,11.0,6.0,9.0,6.0,2.0,0.0,3.0,7.5
E0,2025-03-09,16:30,Man United,Arsenal,1,1,D,1,0,H,A Taylor,10,17,6,6,8,11,2,9,0,1,0,0,3723890,7.0,6.0,7.0,2.0,1.0,2.0,6.5,10.0,8.0,2.0,3.0,1.0,1.0,13.0
E0,2025-03-10,20:00,West Ham,Newcastle,0,1,A,0,0,D,M Salisbury,9,9,2,3,7,15,3,4,0,1,0,0,9545742,7.0,5.0,4.0,2.0,1.0,2.0,7.5,6.0,8.0,12.0,2.0,0.0,3.0,4.0
E0,2025-03-15,15:00,Man City,Brighton,2,2,D,2,1,H,S Hooper,11,15,3,3,10,10,4,5,2,5,0,0,6938125,6.0,6.0,8.0,2.0,0.0,3.0,5.0,12.0,11.0,9.0,4.0,0.0,1.0,13.0
E0,2025-03-15,15:00,Southampton,Wolves,1,2,A,0,1,A,R Jones,10,5,3,3,12,13,5,1,0,0,0,0,5831576,3.0,4.0,15.0,1.0,0.0,4.0,-2.5,7.0,6.0,5.0,2.0,1.0,2.0,7.5
E0,2025-03-15,15:00,Everton,West Ham,1,1,D,0,0,D,D Bond,13,10,5,5,12,8,6,5,1,2,0,0,6016888,7.0,8.0,7.0,1.0,4.0,0.0,7.5,6.0,4.0,4.0,2.0,0.0,3.0,6.0
E0,2025-03-15,15:00,Ipswich,Nott'm Forest,2,4,A,0,3,A,M Salisbury,11,11,4,6,4,13,6,3,1,1,0,0,6729316,1.0,5.0,11.0,0.0,1.0,4.0,-2.0,7.0,12.0,6.0,2.0,1.0,2.0,10.0
E0,2025-03-15,17:30,Bournemouth,Brentford,1,2,A,1,1,D,C Pawson,17,10,5,4,13,7,4,3,3,0,0,0,1463881,4.0,6.0,8.0,1.0,1.0,3.0,3.0,7.0,6.0,4.0,2.0,1.0,2.0,8.0
E0,2025-03-16,13:30,Fulham,Tottenham,2,0,H,0,0,D,A Madley,13,12,4,4,13,10,6,5,0,0,0,0,7927666,9.0,7.0,7.0,3.0,0.0,2.0,9.0,10.0,9.0,4.0,3.0,1.0,1.0,12.5
E0,2025-03-16,13:30,Arsenal,Chelsea,1,0,H,1,0,H,C Kavanagh,12,8,4,2,10,13,5,4,3,3,0,0,1141198,8.0,8.0,3.0,2.0,2.0,1.0,10.5,9.0,8.0,6.0,3.0,0.0,2.0,10.0
E0,2025-03-16,19:00,Leicester,Man United,0,3,A,0,1,A,T Bramall,11,18,3,5,6,6,6,4,2,0,0,0,8996029,0.0,0.0,13.0,0.0,0.0,5.0,-6.5,5.0,6.0,8.0,1.0,2.0,2.0,4.0
